{
  "_format": "hh-sol-cache-2",
  "files": {
    "C:\\Users\\Usama Khatri\\zabdex\\contracts\\Exchange.sol": {
      "lastModificationDate": 1709836637090,
      "contentHash": "06653e6ece31b2c53b95447ebb5135a4",
      "sourceName": "contracts/Exchange.sol",
      "solcConfig": {
        "version": "0.8.23",
        "settings": {
          "evmVersion": "paris",
          "optimizer": {
            "enabled": false,
            "runs": 200
          },
          "outputSelection": {
            "*": {
              "*": [
                "abi",
                "evm.bytecode",
                "evm.deployedBytecode",
                "evm.methodIdentifiers",
                "metadata"
              ],
              "": [
                "ast"
              ]
            }
          }
        }
      },
      "imports": [
        "hardhat/console.sol",
        "./Token.sol"
      ],
      "versionPragmas": [
        "^0.8.19"
      ],
      "artifacts": [
        "Exchange"
      ]
    },
    "C:\\Users\\Usama Khatri\\zabdex\\contracts\\Token.sol": {
      "lastModificationDate": 1705765878087,
      "contentHash": "731b47bb581c6140fc96e63191c2bf19",
      "sourceName": "contracts/Token.sol",
      "solcConfig": {
        "version": "0.8.23",
        "settings": {
          "evmVersion": "paris",
          "optimizer": {
            "enabled": false,
            "runs": 200
          },
          "outputSelection": {
            "*": {
              "*": [
                "abi",
                "evm.bytecode",
                "evm.deployedBytecode",
                "evm.methodIdentifiers",
                "metadata"
              ],
              "": [
                "ast"
              ]
            }
          }
        }
      },
      "imports": [
        "hardhat/console.sol"
      ],
      "versionPragmas": [
        "^0.8.19"
      ],
      "artifacts": [
        "Token"
      ]
    },
    "C:\\Users\\Usama Khatri\\zabdex\\node_modules\\hardhat\\console.sol": {
      "lastModificationDate": 1703633249001,
      "contentHash": "896f68942c3a20e9ae3c3c5bfd3add54",
      "sourceName": "hardhat/console.sol",
      "solcConfig": {
        "version": "0.8.23",
        "settings": {
          "evmVersion": "paris",
          "optimizer": {
            "enabled": false,
            "runs": 200
          },
          "outputSelection": {
            "*": {
              "*": [
                "abi",
                "evm.bytecode",
                "evm.deployedBytecode",
                "evm.methodIdentifiers",
                "metadata"
              ],
              "": [
                "ast"
              ]
            }
          }
        }
      },
      "imports": [],
      "versionPragmas": [
        ">=0.4.22 <0.9.0"
      ],
      "artifacts": [
        "console"
      ]
    }
  }
}
